/auxio.c/1.22/Thu Jun  2 00:24:23 2011/-kk/
/auxioreg.h/1.7/Thu May 29 14:51:26 2008/-kk/
/auxiovar.h/1.7/Thu May 29 14:51:26 2008/-kk/
/central.c/1.3/Sun Mar 18 05:26:58 2012/-kk/
/centralvar.h/1.1/Fri Jul 29 08:37:36 2011/-kk/
/com_ebus.c/1.33/Fri Jul  1 18:48:36 2011/-kk/
/cons.h/1.9/Fri Jun  3 03:20:39 2011/-kk/
/consinit.c/1.27/Thu Oct 24 10:28:57 2013/-kk/
/ebus.c/1.61/Wed Sep 19 06:55:25 2012/-kk/
/ebus_mainbus.c/1.14/Fri Oct  3 09:43:31 2014/-kk/
/ebusvar.h/1.12/Fri Oct  3 09:43:31 2014/-kk/
/fdc.c/1.42/Fri Oct  3 09:36:11 2014/-kk/
/fdcreg.h/1.1/Fri Oct  6 08:44:59 2006/-kk/
/fdcvar.h/1.3/Thu Jun 30 20:09:36 2011/-kk/
/ffb.c/1.55/Thu Oct 24 10:28:57 2013/-kk/
/ffb_mainbus.c/1.13/Thu Dec 22 05:08:05 2011/-kk/
/ffbreg.h/1.11/Thu Aug  9 00:48:06 2012/-kk/
/ffbvar.h/1.13/Thu Dec 22 05:08:05 2011/-kk/
/fhc.c/1.3/Sun Mar 18 05:26:58 2012/-kk/
/fhc_central.c/1.3/Sun Mar 18 05:26:58 2012/-kk/
/fhc_mainbus.c/1.3/Sun Mar 18 05:26:58 2012/-kk/
/fhcreg.h/1.1/Fri Jul 29 08:37:36 2011/-kk/
/fhcvar.h/1.1/Fri Jul 29 08:37:36 2011/-kk/
/gfb.c/1.7/Thu Apr 12 19:11:49 2012/-kk/
/iommu.c/1.108/Fri Oct  3 09:43:31 2014/-kk/
/iommureg.h/1.20/Fri Oct  3 09:43:31 2014/-kk/
/iommuvar.h/1.21/Sun Mar 25 03:51:33 2012/-kk/
/kd.c/1.53/Fri Oct  3 09:09:07 2014/-kk/
/lom.c/1.13/Sat Mar  1 06:04:33 2014/-kk/
/lpt_ebus.c/1.24/Mon May 19 16:26:13 2014/-kk/
/mkclock.c/1.12/Sat Oct 27 17:18:12 2012/-kk/
/pcf8591_envctrl.c/1.6/Sun Mar 18 05:26:58 2012/-kk/
/pcfiic_ebus.c/1.4/Thu Oct 24 10:28:57 2013/-kk/
/pci_machdep.c/1.77/Fri Apr 11 02:03:39 2014/-kk/
/pckbc_ebus.c/1.1/Tue Oct  9 20:55:04 2012/-kk/
/pcons.c/1.34/Fri Oct  3 09:09:07 2014/-kk/
/pld_wdog.c/1.11/Sat Oct 27 17:18:12 2012/-kk/
/power.c/1.12/Fri Jun  3 03:20:39 2011/-kk/
/power.h/1.2/Fri May 12 23:35:24 2006/-kk/
/psm.c/1.10/Sat Oct 27 17:18:12 2012/-kk/
/psmreg.h/1.2/Thu Jun 30 20:09:36 2011/-kk/
/psycho.c/1.119/Fri Oct  3 10:05:09 2014/-kk/
/psychoreg.h/1.19/Thu Oct 24 10:28:57 2013/-kk/
/psychovar.h/1.21/Tue Dec 17 04:13:29 2013/-kk/
/pyro.c/1.15/Thu Oct 24 10:28:57 2013/-kk/
/pyrovar.h/1.3/Fri Jun  3 03:05:21 2011/-kk/
/rtc.c/1.8/Fri Jul  1 18:48:37 2011/-kk/
/sab.c/1.52/Fri Oct  3 09:09:07 2014/-kk/
/sab82532reg.h/1.2/Sat May  3 18:11:02 2003/-kk/
/sbus.c/1.93/Mon Jan 30 04:25:15 2012/-kk/
/sbusreg.h/1.10/Wed Mar 16 05:49:43 2011/-kk/
/sbusvar.h/1.18/Fri Jul  1 18:48:37 2011/-kk/
/schizo.c/1.32/Fri Oct  3 10:05:09 2014/-kk/
/schizoreg.h/1.9/Sun Mar 25 03:13:08 2012/-kk/
/schizovar.h/1.6/Sun Mar 25 03:13:08 2012/-kk/
/tda.c/1.9/Tue Oct 29 08:27:18 2013/-kk/
/upa.c/1.18/Sun Mar 18 05:26:58 2012/-kk/
/zs.c/1.74/Sat Oct 27 17:18:12 2012/-kk/
/zsvar.h/1.6/Sat Mar 29 19:15:35 2008/-kk/
D
