/Makefile/1.4/Wed Apr 11 19:07:37 2001/-kk/
/agten.c/1.32/Thu Oct 24 10:28:58 2013/-kk/
/be.c/1.80/Thu Oct 24 10:28:58 2013/-kk/
/bereg.h/1.9/Sat Sep 19 11:53:42 2009/-kk/
/bpp.c/1.41/Fri Oct  3 09:09:20 2014/-kk/
/bppreg.h/1.2/Mon Apr 28 20:23:57 2008/-kk/
/bwtwo_sbus.c/1.29/Sat Sep 19 04:52:44 2009/-kk/
/cgsix_sbus.c/1.30/Thu Sep 17 16:28:12 2009/-kk/
/cgthree_sbus.c/1.30/Tue Sep 14 18:28:18 2010/-kk/
/cgtwelve.c/1.5/Wed Jan 11 16:08:57 2012/-kk/
/cgtwelvereg.h/1.2/Wed Apr 14 04:37:11 2010/-kk/
/cs4231_sbus.c/1.49/Wed Nov 23 23:07:36 2011/-kk/
/dbri.c/1.35/Thu Oct 24 10:28:58 2013/-kk/
/dbrireg.h/1.6/Fri May  9 03:12:49 2008/-kk/
/dbrivar.h/1.13/Wed Nov 23 23:07:36 2011/-kk/
/dma_sbus.c/1.35/Thu Sep 17 16:28:12 2009/-kk/
/esp_sbus.c/1.52/Thu Oct 24 10:28:58 2013/-kk/
/files.sbus/1.39/Sat Oct 20 13:52:11 2012/-kk/
/genfb_sbus.c/1.11/Fri Oct  3 09:09:20 2014/-kk/
/if_en.c/1.29/Mon Jul 18 00:58:52 2011/-kk/
/if_gem_sbus.c/1.13/Thu Sep 17 16:28:12 2009/-kk/
/if_hme_sbus.c/1.33/Thu Sep 17 16:28:12 2009/-kk/
/if_le.c/1.40/Tue Jan 19 22:07:43 2010/-kk/
/if_le_lebuffer.c/1.28/Tue Jan 19 22:07:43 2010/-kk/
/if_le_ledma.c/1.35/Tue Jan 19 22:07:43 2010/-kk/
/isp_sbus.c/1.81/Fri Sep  7 22:37:27 2012/-kk/
/lebuffer.c/1.36/Thu Sep 17 17:53:35 2009/-kk/
/lebuffervar.h/1.8/Thu Sep 17 17:51:52 2009/-kk/
/magma.c/1.59/Fri Oct  3 09:09:20 2014/-kk/
/magmareg.h/1.17/Sat Oct 27 17:18:37 2012/-kk/
/mbppio.h/1.2/Wed Jul  2 10:16:20 2008/-kk/
/p9100.c/1.62/Fri Oct  3 09:09:20 2014/-kk/
/p9100reg.h/1.6/Fri Sep 21 01:07:44 2012/-kk/
/qe.c/1.62/Sat Jun 23 17:21:12 2012/-kk/
/qec.c/1.50/Sat Sep 19 11:53:42 2009/-kk/
/qecreg.h/1.4/Sat Sep 19 11:53:42 2009/-kk/
/qecvar.h/1.14/Sat Sep 19 04:48:18 2009/-kk/
/qereg.h/1.7/Sat Sep 19 11:53:42 2009/-kk/
/sbusvar.h/1.27/Thu Sep 17 16:28:12 2009/-kk/
/sio16.c/1.24/Mon Jul 18 00:58:52 2011/-kk/
/spif.c/1.31/Fri Oct  3 09:09:20 2014/-kk/
/spifreg.h/1.4/Tue May 12 14:43:59 2009/-kk/
/spifvar.h/1.4/Mon Jul 18 00:58:52 2011/-kk/
/stp4020.c/1.67/Sat Oct 27 17:18:37 2012/-kk/
/stp4020reg.h/1.4/Mon Apr 28 20:23:57 2008/-kk/
/tcx.c/1.56/Fri Oct  3 09:09:20 2014/-kk/
/tcxreg.h/1.6/Sun Jul 20 13:58:49 2014/-kk/
/xbox.c/1.21/Mon Jul 18 00:58:52 2011/-kk/
/xboxvar.h/1.5/Mon Apr 28 20:23:57 2008/-kk/
/zx.c/1.39/Wed Jan 11 16:08:57 2012/-kk/
/zxreg.h/1.7/Thu Apr 23 20:46:49 2009/-kk/
/zxvar.h/1.6/Sat Sep 19 11:55:09 2009/-kk/
D
