/Makefile/1.6/Sun Dec 11 12:23:50 2005/-kk/
/atapi_base.c/1.29/Wed Oct 29 08:13:22 2014/-kk/
/atapi_tape.h/1.6/Sun Dec 11 12:23:50 2005/-kk/
/atapi_wdc.c/1.119/Tue Jul 31 15:59:57 2012/-kk/
/atapiconf.c/1.87/Fri Mar 14 04:28:21 2014/-kk/
/atapiconf.h/1.23/Mon Oct 19 18:41:16 2009/-kk/
/cd.c/1.325/Wed Oct 29 08:13:22 2014/-kk/
/cdvar.h/1.31/Thu Feb  2 19:43:06 2012/-kk/
/ch.c/1.90/Fri Oct  3 09:09:20 2014/-kk/
/files.scsipi/1.41/Sun Dec 11 12:23:50 2005/-kk/
/if_se.c/1.87/Fri Oct  3 09:09:20 2014/-kk/
/scsi_all.h/1.25/Sat Feb 25 10:17:14 2012/-kk/
/scsi_base.c/1.90/Fri Apr 20 20:23:21 2012/-kk/
/scsi_changer.h/1.20/Sun Dec 11 12:23:50 2005/-kk/
/scsi_ctron_ether.h/1.9/Sun Dec 11 12:23:50 2005/-kk/
/scsi_disk.h/1.31/Sun Dec 11 12:23:50 2005/-kk/
/scsi_iu.h/1.5/Sun Dec 11 12:23:50 2005/-kk/
/scsi_message.h/1.17/Sat Aug 26 23:32:55 2006/-kk/
/scsi_scanner.h/1.11/Sun Dec 11 12:23:50 2005/-kk/
/scsi_spc.h/1.5/Sat Feb  6 23:13:59 2010/-kk/
/scsi_tape.h/1.25/Mon Apr 28 20:23:57 2008/-kk/
/scsiconf.c/1.273/Fri Oct  3 09:09:20 2014/-kk/
/scsiconf.h/1.58/Fri Apr 20 20:23:21 2012/-kk/
/scsipi_all.h/1.33/Tue Dec 25 18:33:42 2007/-kk/
/scsipi_base.c/1.164/Tue Dec  9 04:34:59 2014/-kk/
/scsipi_base.h/1.22/Mon Apr 28 20:23:58 2008/-kk/
/scsipi_cd.h/1.21/Wed Apr  1 12:19:04 2009/-kk/
/scsipi_debug.h/1.17/Mon Apr 28 20:23:58 2008/-kk/
/scsipi_disk.h/1.21/Tue Dec 25 18:33:42 2007/-kk/
/scsipi_ioctl.c/1.67/Thu Apr 19 17:45:20 2012/-kk/
/scsipi_verbose.c/1.32/Sun Jul 25 13:49:58 2010/-kk/
/scsipiconf.c/1.40/Sat Aug 21 13:18:36 2010/-kk/
/scsipiconf.h/1.122/Sun Jul 20 13:58:49 2014/-kk/
/sd.c/1.310/Tue Dec  9 04:24:01 2014/-kk/
/sdvar.h/1.35/Fri Oct  3 09:50:56 2014/-kk/
/ses.c/1.47/Fri Oct  3 09:09:20 2014/-kk/
/ses.h/1.3/Sun Dec 11 12:23:51 2005/-kk/
/ss.c/1.86/Fri Oct  3 09:09:20 2014/-kk/
/ss_mustek.c/1.42/Tue Oct 29 08:21:44 2013/-kk/
/ss_mustek.h/1.9/Sun Dec 11 12:23:51 2005/-kk/
/ss_scanjet.c/1.53/Tue Oct 29 08:21:44 2013/-kk/
/ssvar.h/1.19/Tue Feb 28 11:41:00 2012/-kk/
/st.c/1.226/Fri Oct  3 09:26:03 2014/-kk/
/st_atapi.c/1.29/Thu Apr 19 17:45:21 2012/-kk/
/st_scsi.c/1.36/Wed Oct 29 08:13:22 2014/-kk/
/stvar.h/1.24/Tue Feb 28 10:58:11 2012/-kk/
/uk.c/1.62/Fri Oct  3 09:09:20 2014/-kk/
D
